{
    "Windsor": [35.9985, -76.9461, "left"],
    "Greenville": [35.6115, -77.3752, "left"],
    "New Bern": [35.10, -77.04, "right"],
    "Morehead City": [34.72, -76.72, "bottom"],
    "Kinston": [35.26, -77.58, "left"],
    "Washington": [35.57056, -77.04972, "right"],
    "Jacksonville": [34.75, -77.43, "left"],
    "Williamston": [35.8557, -77.056, "left"],
    "Charlotte": [35.2083, -80.8303, "left"],
    "Raleigh": [35.8324, -78.6429, "left"],
    "Winston-Salem": [36.1029, -80.261, "bottom"],
    "Durham": [35.9792, -78.9022, "left"],
    "Greensboro": [36.0956, -79.8271, "top"],
    "Fayetteville": [35.085, -78.9772, "left"],
    "Concord": [35.3933, -80.6369, "bottom"],
    "Asheville": [35.5707, -82.5537, "left"],
    "Wilmington": [34.2099, -77.8866, "left"],
    "Hickory": [35.741, -81.3223, "left"],
    "Gastonia": [35.2494, -81.1854, "left"],
    "Cary": [35.7819, -78.8195, "left"],
    "High Point": [35.991, -79.9937, "bottom"],
    "Burlington": [36.076, -79.4685, "right"],
    "Huntersville": [35.406, -80.8716, "left"],
    "Chapel Hill": [35.9271, -79.0391, "bottom"],
    "Kannapolis": [35.4764, -80.6408, "left"],
    "Rocky Mount": [35.9685, -77.804, "left"],
    "Mooresville": [35.5847, -80.8266, "left"],
    "Wake Forest": [35.9632, -78.514, "top"],
    "Wilson": [35.7311, -77.9284, "left"],
    "Indian Trail": [35.0699, -80.6452, "left"],
    "Salisbury": [35.6658, -80.4905, "left"],
    "Monroe": [35.0063, -80.5596, "left"],
    "Goldsboro": [35.3778, -77.9717, "left"],
"Sanford": [35.4875, -79.177, "left"],
"Statesville": [35.7842, -80.8713, "left"],
"Asheboro": [35.7158, -79.8127, "left"],
"Shelby": [35.2904, -81.5451, "left"],
"Lexington": [35.8018, -80.2682, "left"],
"Boone": [36.2111, -81.6669, "left"],
"Lumberton": [34.6312, -79.0186, "top"],
"Elizabeth City": [36.2942, -76.236, "left"],
"Lenoir": [35.9094, -81.5249, "left"],
"Morganton": [35.7408, -81.7002, "left"],
"Graham": [36.0589, -79.3894, "bottom"],
"Albemarle": [35.3594, -80.1915, "left"],
"Hendersonville": [35.3247, -82.4575, "left"],
"Laurinburg": [34.7602, -79.4773, "left"],
"Henderson": [36.3256, -78.4151, "top"],
"Newton": [35.663, -81.2335, "left"],
"Smithfield": [35.5133, -78.3495, "left"],
"Lincolnton": [35.4748, -81.2386, "left"],
"Tarboro": [35.9046, -77.5563, "left"],
"Waynesville": [35.4854, -82.9996, "left"],
"Hillsborough": [36.0679, -79.0991, "right"],
"Rockingham": [34.9386, -79.7608, "bottom"],
"Oxford": [36.3155, -78.5848, "left"],
"Clinton": [35.0004, -78.3313, "left"],
"Roxboro": [36.3879, -78.9812, "left"],
"Brevard": [35.2438, -82.7265, "left"],
"Marion": [35.6777, -82.0017, "left"],
"Mocksville": [35.9007, -80.5631, "left"],
"Nashville": [35.9693, -77.9554, "left"],
"Wadesboro": [34.9645, -80.0746, "left"],
"Whiteville": [34.3306, -78.7014, "left"],
"Lillington": [35.4001, -78.8138, "left"],
"Pittsboro": [35.7255, -79.1713, "left"],
"Beaufort": [34.73, -76.6493, "top"],
"Raeford": [34.9809, -79.2291, "left"],
"Edenton": [36.0579, -76.6008, "left"],
"Franklin": [35.1798, -83.3809, "left"],
"Rutherfordton": [35.3642, -81.9613, "left"],
"Wilkesboro": [36.1424, -81.174, "left"],
"Elizabethtown": [34.6219, -78.6074, "bottom"],
"Plymouth": [35.8588, -76.7487, "bottom"],
"Burgaw": [34.5509, -77.9224, "left"],
"Louisburg": [36.0986, -78.3009, "left"],
"Yadkinville": [36.1315, -80.6592, "left"],
"Troy": [35.365, -79.8918, "left"],
"Carthage": [35.3224, -79.4114, "left"],
"Wentworth": [36.3914, -79.751, "left"],
"Sylva": [35.3754, -83.2185, "left"],
"Hatteras": [35.2195, -75.6903, "right"],
"Manteo": [36.0646, -75.7057, "top"],
"Duck": [36.1833, -75.74667, "right"],
"Kill Devil Hills": [36.01667, -75.6667, "right"],
"Ocracoke": [35.1154, -75.9843, "right"],
"Columbia": [35.9175, -76.25444, "bottom"],
"Engelhard": [35.50889, -75.99694, "right"],
"Muffreesboro": [36.4444419634605, -77.09164753797451, "bottom"],
"Roanoke Rapids": [36.46211548513083, -77.65332355399143, "top"],
"Ahoskie": [36.28519915784908, -76.98727744075148, "left"],
"Enfield": [36.18439862030463, -77.65744344032603, "left"],
"Stumpy Point": [35.70633393194293, -75.76230185902398, "right"],
"Trenton": [35.067053337349435, -77.35943928733703, "left"],
"Kenansville": [34.96695503061501, -77.98154011392865, "center"],
"West Jefferson": [36.401930901372964, -81.50198194022312, "center"],
"Mt Airy": [36.49914015102956, -80.60457841535232, "center"],
"Murphy": [35.08925543818282, -84.04150728778927, "left"]
}